{"cameraMode":{"drawMode":0,"name":"Shaded","section":"Shading Mode"},"sceneLighting":true,"audioPlay":false,"sceneViewState":{"m_AlwaysRefresh":false,"showFog":true,"showSkybox":true,"showFlares":true,"showImageEffects":true,"showParticleSystems":true,"showVisualEffectGraphs":true,"m_FxEnabled":true},"in2DMode":false,"pivot":{"x":-13.356104850769043,"y":-14.790454864501954,"z":87.2363052368164},"rotation":{"x":0.7238714098930359,"y":-0.0010349403601139784,"z":0.001085734460502863,"w":0.6899330019950867},"size":91.36068725585938,"orthographic":false}